{"type": "DRAFT", "id": "NA", "versionId": "NA", "hasBeenPublished": false, "createdAt": "", "updatedAt": "", "title": "Question title here", "number": 0, "masterContent": {"blocks": [{"__typename": "TextContentBlock", "id": "N/A", "data": "Write the following numbers in polar form:\n$$\\begin{array}[h!]{l}\n{\\rm (a)}\\hskip5pt i\\hskip24pt\n{\\rm (b)}\\hskip5pt -i\\hskip24pt\n{\\rm (c)}\\hskip5pt 1+i\\hskip24pt\n{\\rm (d)}\\hskip5pt 1-i\\,\\sqrt{3}\\hskip24pt\n\\end{array}$$\n", "type": "MILKDOWN"}]}, "parts": [{"id": "NA", "universalPartId": "", "content": {"blocks": [{"__typename": "TextContentBlock", "id": "N/A", "data": "\n", "type": "MILKDOWN"}]}, "workedSolution": [{"id": "NA", "content": {"blocks": [{"__typename": "TextContentBlock", "id": "N/A", "data": "Solution step 1\n***\nSolution step 2\n***\nSolution step 3\n", "type": "MILKDOWN"}]}}], "answerContent": {"blocks": [{"__typename": "TextContentBlock", "id": "N/A", "data": "Final answer here\n", "type": "MILKDOWN"}]}, "tutorial": [{"id": "NA", "content": {"blocks": [{"__typename": "TextContentBlock", "id": "N/A", "data": "Hint 1", "type": "MILKDOWN"}]}}, {"id": "NA", "content": {"blocks": [{"__typename": "TextContentBlock", "id": "N/A", "data": "Hint 2", "type": "MILKDOWN"}]}}], "responseAreas": []}]}