{"type": "DRAFT", "id": "NA", "versionId": "NA", "hasBeenPublished": false, "createdAt": "", "updatedAt": "", "title": "Question title here", "number": 0, "masterContent": {"blocks": [{"__typename": "TextContentBlock", "id": "N/A", "data": "Write the following complex numbers in Cartesian coordinates:\n$$\\begin{array}[h!]{l}\n{\\rm (a)}\\hskip5pt e^{-3\\pi i/4}\\hskip24pt\n{\\rm (b)}\\hskip5pt e^{5\\pi i/4}\\hskip24pt\n{\\rm (c)}\\hskip5pt 3\\,e^{i}\\hskip24pt\n{\\rm (d)}\\hskip5pt \\displaystyle{1\\over\\sqrt{3}\\,e^{\\pi i/3}}\\hskip24pt\n\\end{array}$$\n", "type": "MILKDOWN"}]}, "parts": [{"id": "NA", "universalPartId": "", "content": {"blocks": [{"__typename": "TextContentBlock", "id": "N/A", "data": "\n", "type": "MILKDOWN"}]}, "workedSolution": [{"id": "NA", "content": {"blocks": [{"__typename": "TextContentBlock", "id": "N/A", "data": "Solution step 1\n***\nSolution step 2\n***\nSolution step 3\n", "type": "MILKDOWN"}]}}], "answerContent": {"blocks": [{"__typename": "TextContentBlock", "id": "N/A", "data": "Final answer here\n", "type": "MILKDOWN"}]}, "tutorial": [{"id": "NA", "content": {"blocks": [{"__typename": "TextContentBlock", "id": "N/A", "data": "Hint 1", "type": "MILKDOWN"}]}}, {"id": "NA", "content": {"blocks": [{"__typename": "TextContentBlock", "id": "N/A", "data": "Hint 2", "type": "MILKDOWN"}]}}], "responseAreas": []}]}