{"type": "DRAFT", "id": "NA", "versionId": "NA", "hasBeenPublished": false, "createdAt": "", "updatedAt": "", "title": "Question title here", "number": 0, "masterContent": {"blocks": [{"__typename": "TextContentBlock", "id": "N/A", "data": "Define $z=(5+7\\,i)(5+b\\,i)$.\n$$\\begin{array}[h!]{l}\n{\\rm (a)}\\hskip5pt {\\rm If}\\ b\\ {\\rm and}\\ z\\ {\\rm are\\ both\\ real,\\ find}\\ b.\\\\\n\\noalign{\\vskip12pt}\n{\\rm (b)}\\hskip5pt {\\rm If}\\ {\\rm Im}(b)={4\\over5},\\ {\\rm and}\\ z\\ {\\rm is\\ pure\\ imaginary,\\ find}\\\n{\\rm Re}(b).\n\\end{array}$$\n", "type": "MILKDOWN"}]}, "parts": [{"id": "NA", "universalPartId": "", "content": {"blocks": [{"__typename": "TextContentBlock", "id": "N/A", "data": "\n", "type": "MILKDOWN"}]}, "workedSolution": [{"id": "NA", "content": {"blocks": [{"__typename": "TextContentBlock", "id": "N/A", "data": "Solution step 1\n***\nSolution step 2\n***\nSolution step 3\n", "type": "MILKDOWN"}]}}], "answerContent": {"blocks": [{"__typename": "TextContentBlock", "id": "N/A", "data": "Final answer here\n", "type": "MILKDOWN"}]}, "tutorial": [{"id": "NA", "content": {"blocks": [{"__typename": "TextContentBlock", "id": "N/A", "data": "Hint 1", "type": "MILKDOWN"}]}}, {"id": "NA", "content": {"blocks": [{"__typename": "TextContentBlock", "id": "N/A", "data": "Hint 2", "type": "MILKDOWN"}]}}], "responseAreas": []}]}