{"type": "DRAFT", "id": "NA", "versionId": "NA", "hasBeenPublished": false, "createdAt": "", "updatedAt": "", "title": "Question title here", "number": 0, "masterContent": {"blocks": [{"__typename": "TextContentBlock", "id": "N/A", "data": "Find the real and imaginary parts of:\n$$\\begin{array}[h!]{lll}\n{\\rm (a)}\\hskip5pt 8+3\\,i\\hskip24pt&\n{\\rm (b)}\\hskip5pt 4-15\\,i\\hskip24pt&\n{\\rm (c)}\\hskip5pt \\cos\\theta-i\\,\\sin\\theta\\\\\n\\noalign{\\vskip12pt}\n{\\rm (d)}\\hskip5pt i^2&\n{\\rm (e)}\\hskip5pt i\\,(2-5\\,i)&\n{\\rm (f)}\\hskip5pt (1+2\\,i)(2-3\\,i)\n\\end{array}$$\n", "type": "MILKDOWN"}]}, "parts": [{"id": "NA", "universalPartId": "", "content": {"blocks": [{"__typename": "TextContentBlock", "id": "N/A", "data": "\n", "type": "MILKDOWN"}]}, "workedSolution": [{"id": "NA", "content": {"blocks": [{"__typename": "TextContentBlock", "id": "N/A", "data": "Solution step 1\n***\nSolution step 2\n***\nSolution step 3\n", "type": "MILKDOWN"}]}}], "answerContent": {"blocks": [{"__typename": "TextContentBlock", "id": "N/A", "data": "Final answer here\n", "type": "MILKDOWN"}]}, "tutorial": [{"id": "NA", "content": {"blocks": [{"__typename": "TextContentBlock", "id": "N/A", "data": "Hint 1", "type": "MILKDOWN"}]}}, {"id": "NA", "content": {"blocks": [{"__typename": "TextContentBlock", "id": "N/A", "data": "Hint 2", "type": "MILKDOWN"}]}}], "responseAreas": []}]}